﻿<?xml version="1.0" encoding="utf-8"?>
<manifest identifier="_5bwRGv4I9IX_course_id" version="1.0" xmlns="http://www.imsproject.org/xsd/imscp_rootv1p1p2" xmlns:adlcp="http://www.adlnet.org/xsd/adlcp_rootv1p2" xmlns:xsi="http://www.w3.org/2001/XMLSchema-instance" xsi:schemaLocation="http://www.imsproject.org/xsd/imscp_rootv1p1p2 imscp_rootv1p1p2.xsd http://www.imsglobal.org/xsd/imsmd_rootv1p2p1 imsmd_rootv1p2p1.xsd http://www.adlnet.org/xsd/adlcp_rootv1p2 adlcp_rootv1p2.xsd">
  <metadata>
    <schema>ADL SCORM</schema>
    <schemaversion>1.2</schemaversion>
    <lom xmlns="http://www.imsglobal.org/xsd/imsmd_rootv1p2p1" xmlns:xsi="http://www.w3.org/2001/XMLSchema-instance" xsi:schemaLocation="http://www.imsglobal.org/xsd/imsmd_rootv1p2p1 imsmd_rootv1p2p1.xsd">
      <general>
        <title>
          <langstring xml:lang="x-none">HD3th1</langstring>
        </title>
      </general>
      <lifecycle>
        <version>
          <langstring xml:lang="x-none">1</langstring>
        </version>
        <status>
          <source>
            <langstring xml:lang="x-none">LOMv1.0</langstring>
          </source>
          <value>
            <langstring xml:lang="x-none">Final</langstring>
          </value>
        </status>
      </lifecycle>
      <metametadata>
        <metadatascheme>ADL SCORM 1.2</metadatascheme>
      </metametadata>
      <educational>
        <typicallearningtime>
          <datetime>PT0H0M0S</datetime>
        </typicallearningtime>
      </educational>
      <rights>
        <cost>
          <source>
            <langstring xml:lang="x-none">LOMv1.0</langstring>
          </source>
          <value>
            <langstring xml:lang="x-none">yes</langstring>
          </value>
        </cost>
        <copyrightandotherrestrictions>
          <source>
            <langstring xml:lang="x-none">LOMv1.0</langstring>
          </source>
          <value>
            <langstring xml:lang="x-none">yes</langstring>
          </value>
        </copyrightandotherrestrictions>
      </rights>
    </lom>
  </metadata>
  <organizations default="HD3th1_ORG">
    <organization identifier="HD3th1_ORG">
      <title>HD3th1</title>
      <item identifier="HD3-1_SCO" isvisible="true" identifierref="__5bwRGv4I9IX_course_id_RES">
        <title>HD3th1</title>
      </item>
    </organization>
  </organizations>
  <resources>
    <resource identifier="__5bwRGv4I9IX_course_id_RES" type="webcontent" href="index_lms.html" adlcp:scormtype="sco">
      <file href="story_content/thumbnail.jpg" />
      <file href="story_content/6GHydI8QNPW_80_DX1440_DY1440.swf" />
      <file href="mobile/6GHydI8QNPW_80_DX1440_DY1440_CX950_CY535.gif" />
      <file href="story_content/txt__default_6Ua3jPUHmL2.swf" />
      <file href="story_content/6VcZ14Cd0ni_80_DX600_DY600.swf" />
      <file href="mobile/6VcZ14Cd0ni_80_DX600_DY600_CX450_CY450.png" />
      <file href="story_content/5V3sKle4ZRC_22050_48_0.mp3" />
      <file href="story_content/6oLBapywNKg_80_P_0_143_2048_1152_DX1440_DY1440.swf" />
      <file href="mobile/6oLBapywNKg_80_P_0_143_2048_1152_DX1440_DY1440_CX1079_CY607.png" />
      <file href="story_content/6dNPfUSiB8E_80_DX1440_DY1440.jpg" />
      <file href="mobile/6dNPfUSiB8E_80_DX1440_DY1440_CX1079_CY295.jpg" />
      <file href="story_content/6SaqsiohMlJ_80_P_0_266_1920_751_DX1412_DY1412.swf" />
      <file href="mobile/6SaqsiohMlJ_80_P_0_266_1920_751_DX1412_DY1412_CX1058_CY414.png" />
      <file href="story_content/6iL6t0fvrND_80_P_0_0_845_934_DX1232_DY1232.swf" />
      <file href="mobile/6iL6t0fvrND_80_P_0_0_845_934_DX1232_DY1232_CX381_CY421.png" />
      <file href="story_content/6P1xsuuG2iD_80_P_0_135_1280_660_DX1080_DY1080.swf" />
      <file href="mobile/6P1xsuuG2iD_80_P_0_135_1280_660_DX1080_DY1080_CX810_CY418.png" />
      <file href="story_content/6AYYRSk1RSz_80_P_134_0_1145_779_DX916_DY916.swf" />
      <file href="mobile/6AYYRSk1RSz_80_P_134_0_1145_779_DX916_DY916_CX614_CY418.png" />
      <file href="story_content/5qjxKukQ9Wn_80_P_343_-8_861_854_DX842_DY842.swf" />
      <file href="mobile/5qjxKukQ9Wn_80_P_343_-8_861_854_DX842_DY842_CX425_CY421.png" />
      <file href="story_content/6MK7CJsEfAz_80_P_423_10_317_584_DX1216_DY1216.swf" />
      <file href="mobile/6MK7CJsEfAz_80_P_423_10_317_584_DX1216_DY1216_CX226_CY415.png" />
      <file href="story_content/6KxXYtYYGNW_80_DX1444_DY1444.jpg" />
      <file href="mobile/6KxXYtYYGNW_80_DX1444_DY1444_CX960_CY640.jpg" />
      <file href="story_content/6LRYxQcQSjk_80_DX1296_DY1296.swf" />
      <file href="mobile/6LRYxQcQSjk_80_DX1296_DY1296_CX972_CY397.png" />
      <file href="story_content/6WeYmXRaLXy_80_DX42_DY42.swf" />
      <file href="mobile/6WeYmXRaLXy_80_DX42_DY42_CX30_CY30.png" />
      <file href="story_content/5mlp9ncJ8Sl_80_DX42_DY42.swf" />
      <file href="mobile/5mlp9ncJ8Sl_80_DX42_DY42_CX30_CY30.png" />
      <file href="story_content/video_5pbLBBD85b4_22_48_720x406.mp4" />
      <file href="mobile/video_5pbLBBD85b4_22_48_720x406.jpg" />
      <file href="story_content/6DtMpXTSogZ_80_DX1438_DY1438.jpg" />
      <file href="mobile/6DtMpXTSogZ_80_DX1438_DY1438_CX1076_CY718.jpg" />
      <file href="story_content/5wMKjFvpAcL_80_DX1438_DY1438.jpg" />
      <file href="mobile/5wMKjFvpAcL_80_DX1438_DY1438_CX1077_CY718.jpg" />
      <file href="meta.xml" />
      <file href="story_content/FontFactory.swf" />
      <file href="story_content/fonts.swf" />
      <file href="story_content/frame.xml" />
      <file href="story_content/frame.json" />
      <file href="story_content/user.js" />
      <file href="mobile/txt__default_6Ua3jPUHmL2.png" />
      <file href="story.swf" />
      <file href="story_content/frame.swf" />
      <file href="story_content/slides/5tKANiQY44m.swf" />
      <file href="story_content/slides/5l6GxQPGOTr.swf" />
      <file href="story_content/slides/61M5jSbJYC1.swf" />
      <file href="story_content/slides/69wsGke9C7Y.swf" />
      <file href="story_content/slides/66mdfxmcJaS.swf" />
      <file href="story_content/slides/6F4wV0SjJ4D.swf" />
      <file href="story_content/slides/6C0Is5z3M7d.swf" />
      <file href="story_content/slides/6E9qTBRV12W.swf" />
      <file href="story_content/slides/67XpnTzaZsA.swf" />
      <file href="story_content/slides/695C8pZnzaZ.swf" />
      <file href="story_content/slides/6Dw8Btc1dg8.swf" />
      <file href="story_content/data.swf" />
      <file href="html5/data/css/output.min.css" />
      <file href="html5/data/js/5l6GxQPGOTr.js" />
      <file href="html5/data/js/5tKANiQY44m.js" />
      <file href="html5/data/js/61M5jSbJYC1.js" />
      <file href="html5/data/js/66mdfxmcJaS.js" />
      <file href="html5/data/js/67XpnTzaZsA.js" />
      <file href="html5/data/js/695C8pZnzaZ.js" />
      <file href="html5/data/js/69wsGke9C7Y.js" />
      <file href="html5/data/js/6C0Is5z3M7d.js" />
      <file href="html5/data/js/6Dw8Btc1dg8.js" />
      <file href="html5/data/js/6E9qTBRV12W.js" />
      <file href="html5/data/js/6F4wV0SjJ4D.js" />
      <file href="html5/data/js/data.js" />
      <file href="html5/data/js/frame.js" />
      <file href="html5/data/js/paths.js" />
      <file href="html5/lib/scripts/app.min.js" />
      <file href="html5/lib/stylesheets/main.min.css" />
      <file href="html5/lib/stylesheets/mobile-fonts/open-sans-bold.woff" />
      <file href="html5/lib/stylesheets/mobile-fonts/open-sans-light.woff" />
      <file href="html5/lib/stylesheets/mobile-fonts/open-sans-regular.woff" />
      <file href="story.html" />
      <file href="story_flash.html" />
      <file href="story_html5.html" />
      <file href="story_content/blank.html" />
      <file href="story_content/story.js" />
      <file href="index_lms.html" />
      <file href="index_lms_html5.html" />
      <file href="index_lms_flash.html" />
      <file href="lms/AICCComm.html" />
      <file href="lms/AICCFunctions.js" />
      <file href="lms/API.js" />
      <file href="lms/APIConstants.js" />
      <file href="lms/blank.html" />
      <file href="lms/browsersniff.js" />
      <file href="lms/Configuration.js" />
      <file href="lms/goodbye.html" />
      <file href="lms/lms.js" />
      <file href="lms/LMSAPI.js" />
      <file href="lms/NONEFunctions.js" />
      <file href="lms/SCORM2004Functions.js" />
      <file href="lms/SCORMFunctions.js" />
      <file href="lms/UtilityFunctions.js" />
    </resource>
  </resources>
</manifest>